Atoms,Actions,Solve,Time,Size
4,6,1,0.006140,4
8,26,1,0.043566,8
12,66,1,17.468565,16
