Atoms,Actions,Solve,Time,Size
6,10,1,0.092384,8
10,22,1,2.908344,16
18,46,0,,
34,94,0,,
66,190,0,,
130,382,0,,
