Atoms,Actions,Solve,Time,Size
6,10,1,0.021299,8
10,22,1,3.422375,16
18,46,0,,
34,94,0,,
66,190,0,,
130,382,0,,
258,766,0,,
514,1534,0,,
1026,3070,0,,
2050,6142,0,,
4098,12286,0,,
