Atoms,Actions,Solve,Time,Size
47,425,1,0.744728,9
47,425,1,0.302829,8
47,425,1,0.871038,10
