Atoms,Actions,Solve,Time,Size
11,4,1,0.004952,4
17,7,1,0.009021,6
26,13,1,0.007048,5
22,10,1,0.027472,8
30,19,1,0.020220,7
41,28,1,0.023846,7
27,13,1,0.156518,10
36,25,1,0.169911,9
45,37,1,0.176937,9
58,49,1,0.223547,9
32,16,1,1.213100,12
42,31,1,1.241164,11
52,46,1,2.055534,11
62,61,1,1.782630,11
77,76,1,2.310487,11
37,19,1,10.566240,14
48,37,1,16.166968,13
59,55,1,27.464880,13
70,73,1,23.711006,13
81,91,1,21.657407,13
