Atoms,Actions,Solve,Time,Size
11,4,1,0.042512,4
17,7,1,0.073028,6
26,13,1,0.077190,5
22,10,1,0.161017,8
30,19,1,0.179639,7
41,28,1,0.251748,7
27,13,1,0.440610,10
36,25,1,0.544225,9
45,37,1,0.704494,9
58,49,1,0.905537,9
32,16,1,1.933931,12
42,31,1,2.027206,11
52,46,1,4.196406,11
62,61,1,4.066842,11
77,76,1,4.766029,11
37,19,1,11.463879,14
48,37,1,17.996198,16
59,55,1,28.978154,13
70,73,1,27.643137,13
81,91,1,32.478330,13
