Id,Atoms,Actions,Solve,Time,Size
1,11,28,1,0.385916,4
2,22,54,1,0.28062800000000004,4
3,31,80,1,0.342717,4
4,40,106,1,0.48376099999999994,4
5,49,132,1,0.7278979999999999,4
