Domain (# inst),#at,#acts,%solve,time,size
islands(3:1-3),21.333333333333332,54.0,1.0,0.016168333333333333,4.0
