Id,Atoms,Actions,Solve,Time,Size
01,13,13,1,0.840387,5
02,18,21,1,0.431551,7
03,23,29,1,1.532388,9
04,28,37,1,3.827573,11
05,33,45,1,14.445251,13
06,38,53,1,44.502048,15
07,43,61,1,240.916373,17
08,48,69,1,621.706908,19
09,53,77,1,3517.231511,21
10,58,85,0
11,63,93,0
12,68,101,0
13,73,109,0
14,78,117,0
15,83,125,0
