Id,Atoms,Actions,Solve,Time,Size
1,13,13,1,0.025071,5.0
2,18,21,1,0.276281,7.0
3,23,29,1,0.307417,9.0
4,28,37,1,1.6278299999999999,11.0
5,33,45,1,5.833082,13.0
6,38,53,1,66.06611099999999,15.0
7,43,61,1,162.504377,17.0
8,48,69,1,880.4041619999999,19.0
9,53,77,1,3239.02351,21.0
10,58,85,0,,
11,63,93,0,,
12,68,101,0,,
13,73,109,0,,
14,78,117,0,,
15,83,125,0,,
