Id,Atoms,Actions,Solve,Time,Size
01,35,96,0
02,43,171,1,0.980269,2
03,39,152,1,0.873144,5
04,53,262,1,2.182206,8
05,55,174,1,0.598972,5
06,57,202,1,0.738186,5
07,65,229,1,3.666494,9
08,67,277,1,4.084128,8
09,67,288,0
10,73,370,1,0.625353,2
11,73,305,1,1.281511,5
12,79,483,1,1.229288,2
13,89,707,1,4.475777,5
14,77,568,1,25.276055,11
15,87,276,0
