Id,Atoms,Actions,Solve,Time,Size
1,6,10,1,0.8297389999999999,8.0
2,10,22,1,9.136327,16.0
3,18,46,0,,
4,34,94,0,,
5,66,190,0,,
6,130,382,0,,
7,258,766,0,,
8,514,1534,0,,
9,1026,3070,0,,
10,2050,6142,0,,
11,4098,12286,0,,
