Id,Atoms,Actions,Solve,Time,Size
1,13,13,1,0.351997,5.0
2,18,21,1,1.3474059999999999,7.0
3,23,29,1,1.2513729999999998,9.0
4,28,37,1,4.470199,11.0
5,33,45,1,9.050514,13.0
6,38,53,1,76.21736999999999,15.0
7,43,61,1,172.365045,17.0
8,48,69,1,899.7747630000001,19.0
9,53,77,1,3262.8726699999997,21.0
10,58,85,0,,
11,63,93,0,,
12,68,101,0,,
13,73,109,0,,
14,78,117,0,,
15,83,125,0,,
