Atoms,Actions,Solve,Time,Size
13,13,1,0.011993,5
18,21,1,0.031880,7
23,29,1,0.135389,9
28,37,1,1.079957,11
33,45,1,3.327616,13
38,53,1,28.502025,15
43,61,1,102.628966,17
48,69,1,288.800221,19
53,77,1,887.304781,21
58,85,1,3481.552215,23
63,93,0,,
68,101,0,,
73,109,0,,
78,117,0,,
83,125,0,,
