Id,Atoms,Actions,Solve,Time,Size
01,11,28,1,0.01548,4
02,22,54,1,0.011871,4
03,31,80,1,0.021154,4
04,40,106,1,0.026321,4
05,49,132,1,0.029337,4
