Id,Atoms,Actions,Solve,Time,Size
01,11,28,1,0.012985,4
02,22,54,1,0.028787,4
03,31,80,1,0.019192,4
04,40,106,1,0.04836,4
05,49,132,1,0.074013,4
