Id,Atoms,Actions,Solve,Time,Size
01,11,28,1,0.014464,4
02,22,54,1,0.0695,4
03,31,80,1,0.039507,4
04,40,106,1,0.045378,4
05,49,132,1,0.029845,4
