Id,Atoms,Actions,Solve,Time,Size
1,4,6,1,0.038262,4.0
2,8,26,1,0.35581799999999997,8.0
3,12,66,1,17.805934,16.0
4,20,146,0,,
5,36,306,0,,
6,68,626,0,,
7,132,1266,0,,
8,260,2546,0,,
