Id,Atoms,Actions,Solve,Time,Size
1,13,13,1,0.14285599999999998,5.0
2,18,21,1,0.044711,7.0
3,23,29,1,0.356241,9.0
4,28,37,1,1.1709129999999999,11.0
5,33,45,1,8.38594,13.0
6,38,53,1,36.58213,15.0
7,43,61,1,231.34625099999997,17.0
8,48,69,1,602.471936,19.0
9,53,77,1,3492.085603,21.0
10,58,85,0,,
11,63,93,0,,
12,68,101,0,,
13,73,109,0,,
14,78,117,0,,
15,83,125,0,,
