Id,Atoms,Actions,Solve,Time,Size
1,46,44,1,5.88173,14.0
2,46,43,1,0.083756,9.0
3,46,44,1,66.075241,16.0
4,46,45,1,5.531562999999999,14.0
5,46,45,1,0.8437790000000001,12.0
6,82,77,0,,
7,82,70,1,2696.4674010000003,23.0
8,82,73,0,,
9,82,73,0,,
10,82,74,0,,
11,123,123,0,,
12,123,111,0,,
13,123,115,0,,
14,123,110,0,,
15,123,123,0,,
