Id,Atoms,Actions,Solve,Time,Size
1,114,217,1,3472.115995,23.0
2,142,270,0,,
3,170,323,0,,
4,58,111,1,2031.1996760000002,23.0
5,226,429,0,,
6,254,482,0,,
7,282,535,0,,
8,310,588,0,,
9,338,641,0,,
10,366,694,0,,
11,418,798,0,,
