Id,Atoms,Actions,Solve,Time,Size
1,35,96,0,,
2,43,171,1,0.9802690000000001,2.0
3,39,152,1,0.873144,5.0
4,53,262,1,2.1822060000000003,8.0
5,55,174,1,0.5989720000000001,5.0
6,57,202,1,0.738186,5.0
7,65,229,1,3.666494,9.0
8,67,277,1,4.084128,8.0
9,67,288,0,,
10,73,370,1,0.6253529999999999,2.0
11,73,305,1,1.281511,5.0
12,79,483,1,1.229288,2.0
13,89,707,1,4.475777,5.0
14,77,568,1,25.276055,11.0
15,87,276,0,,
