Id,Atoms,Actions,Solve,Time,Size
1,35,96,0,,
2,43,171,1,0.04788708686828613,2.0
3,39,152,1,0.043055,5.0
4,53,262,1,0.171792,8.0
5,55,174,1,0.036032999999999996,5.0
6,57,202,1,0.038007,5.0
7,65,229,1,0.262752,9.0
8,67,277,1,0.435192,8.0
9,67,288,0,,
10,73,370,1,0.006318092346191406,2.0
11,73,305,1,0.049306,5.0
12,79,483,1,0.009229000000000001,2.0
13,89,707,1,0.099582,5.0
14,77,568,1,12.467839999999999,11.0
15,87,276,0,,
