Id,Atoms,Actions,Solve,Time,Size
1,82,740,1,7.2075830000000005,2.0
2,90,960,1,234.894665,17.0
3,98,1208,1,313.97630499999997,17.0
4,106,1484,1,249.702363,13.0
5,114,1788,1,418.12188399999997,15.0
6,240,3576,0,,
7,254,4152,0,,
8,268,4770,0,,
9,282,5430,0,,
10,296,6132,0,,
11,710,15672,0,,
12,738,17364,0,,
13,766,19140,0,,
14,794,21000,0,,
15,822,22944,0,,
